id,denumire,an,pret
15,renault,1980,350
13,ford,2000,500
4,peugeot,2001,13000
10,mazda,2005,2000
2,logan,2005,1000
6,jaguar,2010,16000
3,toyota,2011,7000
5,volvo,2014,24000
12,audi,2015,25000
7,volkswagen,2015,22000
11,mercedes,2017,27000
1,mazda,2018,12000
9,BMW,2022,50000
